[#1] #VEHICLE0000000000001,72.49780509218613,[#1] #VEHICLE0000000000002,50.658472344161545,[#1] #VEHICLE0000000000003,54.850746268656714,[#1] #VEHICLE0000000000004,49.18788410886743,[#1] #VEHICLE0000000000005,54.08252853380158,[#1] #VEHICLE0000000000006,61.76470588235294,[#1] #VEHICLE0000000000007,61.17208077260755,[#1] #VEHICLE0000000000008,53.64354697102721,[#1] #VEHICLE0000000000009,62.33538191395961,[#1] #VEHICLE0000000000010,44.09569798068481,[#1] #VEHICLE0000000000011,41.57155399473222,[#1] #VEHICLE0000000000012,12.291483757682178,[#1] #VEHICLE0000000000013,64.20105355575065,[#1] #VEHICLE0000000000014,50.08779631255488,[#1] #VEHICLE0000000000015,48.639157155399474,[#1] #VEHICLE0000000000016,31.826163301141353,[#1] #VEHICLE0000000000017,62.247585601404744,[#1] #VEHICLE0000000000018,59.262510974539076,[#1] #VEHICLE0000000000019,3.6215978928884986,[#1] #VEHICLE0000000000020,39.64003511852503,[#1] #VEHICLE0000000000021,25.021949078138718,[#1] #VEHICLE0000000000022,45.30289727831431,[#1] #VEHICLE0000000000023,29.411764705882355,[#1] #VEHICLE0000000000024,34.76733977172959,[#1] #VEHICLE0000000000025,28.97278314310799
[#2] #VEHICLE0000000000001,54.75402081362346,[#2] #VEHICLE0000000000002,64.23841059602648,[#2] #VEHICLE0000000000003,60.76158940397352,[#2] #VEHICLE0000000000004,48.533585619678334,[#2] #VEHICLE0000000000005,63.1031220435194,[#2] #VEHICLE0000000000006,57.544938505203405,[#2] #VEHICLE0000000000007,69.72563859981078,[#2] #VEHICLE0000000000008,51.324503311258276,[#2] #VEHICLE0000000000009,70.31693472090824,[#2] #VEHICLE0000000000010,49.85808893093661,[#2] #VEHICLE0000000000011,44.46546830652791,[#2] #VEHICLE0000000000012,59.03500473036897,[#2] #VEHICLE0000000000013,57.26111636707664,[#2] #VEHICLE0000000000014,45.10406811731315,[#2] #VEHICLE0000000000015,63.69441816461684,[#2] #VEHICLE0000000000016,53.54777672658467,[#2] #VEHICLE0000000000017,58.75118259224219,[#2] #VEHICLE0000000000018,20.813623462630083,[#2] #VEHICLE0000000000019,25.63859981078524,[#2] #VEHICLE0000000000020,33.7038789025544,[#2] #VEHICLE0000000000021,2.081362346263009,[#2] #VEHICLE0000000000022,45.931882686849576,[#2] #VEHICLE0000000000023,50.18921475875118,[#2] #VEHICLE0000000000024,0.0,[#2] #VEHICLE0000000000025,41.76915799432356
[#3] #VEHICLE0000000000001,72.50118427285646,[#3] #VEHICLE0000000000002,50.734249171009004,[#3] #VEHICLE0000000000003,12.245381335859783,[#3] #VEHICLE0000000000004,60.350544765513966,[#3] #VEHICLE0000000000005,39.88630980577925,[#3] #VEHICLE0000000000006,58.1714827096163,[#3] #VEHICLE0000000000007,71.64850781620086,[#3] #VEHICLE0000000000008,51.468498342018,[#3] #VEHICLE0000000000009,74.44339175746092,[#3] #VEHICLE0000000000010,55.6608242539081,[#3] #VEHICLE0000000000011,58.266224538133585,[#3] #VEHICLE0000000000012,22.69066792989105,[#3] #VEHICLE0000000000013,81.52534343912838,[#3] #VEHICLE0000000000014,1.0184746565608715,[#3] #VEHICLE0000000000015,50.189483657034586,[#3] #VEHICLE0000000000016,57.29512079583136,[#3] #VEHICLE0000000000017,63.666508763619134,[#3] #VEHICLE0000000000018,53.671245855045,[#3] #VEHICLE0000000000019,21.53008053055424,[#3] #VEHICLE0000000000020,33.77546186641402,[#3] #VEHICLE0000000000021,51.18427285646613,[#3] #VEHICLE0000000000022,61.27427759355756,[#3] #VEHICLE0000000000023,45.42870677404074,[#3] #VEHICLE0000000000024,37.944102321174796,[#3] #VEHICLE0000000000025,24.040738986262436
[#4] #VEHICLE0000000000001,64.61100569259962,[#4] #VEHICLE0000000000002,57.59013282732448,[#4] #VEHICLE0000000000003,50.664136622390885,[#4] #VEHICLE0000000000004,66.81688804554081,[#4] #VEHICLE0000000000005,42.50474383301708,[#4] #VEHICLE0000000000006,56.831119544592035,[#4] #VEHICLE0000000000007,64.77703984819735,[#4] #VEHICLE0000000000008,56.52277039848197,[#4] #VEHICLE0000000000009,61.24288425047438,[#4] #VEHICLE0000000000010,49.33586337760911,[#4] #VEHICLE0000000000011,62.14421252371917,[#4] #VEHICLE0000000000012,66.46110056925995,[#4] #VEHICLE0000000000013,18.263757115749527,[#4] #VEHICLE0000000000014,58.1831119544592,[#4] #VEHICLE0000000000015,62.85578747628083,[#4] #VEHICLE0000000000016,53.98481973434534,[#4] #VEHICLE0000000000017,29.127134724857683,[#4] #VEHICLE0000000000018,50.04743833017078,[#4] #VEHICLE0000000000019,26.61290322580645,[#4] #VEHICLE0000000000020,46.631878557874764,[#4] #VEHICLE0000000000021,25.711574952561673,[#4] #VEHICLE0000000000022,49.52561669829222,[#4] #VEHICLE0000000000023,33.254269449715366,[#4] #VEHICLE0000000000024,39.89563567362429,[#4] #VEHICLE0000000000025,30.977229601518026
[#5] #VEHICLE0000000000001,71.60522631824546,[#5] #VEHICLE0000000000002,52.636490900606624,[#5] #VEHICLE0000000000003,67.40550629958003,[#5] #VEHICLE0000000000004,62.5758282781148,[#5] #VEHICLE0000000000005,57.442837144190385,[#5] #VEHICLE0000000000006,59.076061595893606,[#5] #VEHICLE0000000000007,69.85534297713485,[#5] #VEHICLE0000000000008,53.98973401773215,[#5] #VEHICLE0000000000009,65.4223051796547,[#5] #VEHICLE0000000000010,75.19832011199253,[#5] #VEHICLE0000000000011,22.445170321978537,[#5] #VEHICLE0000000000012,48.57676154923005,[#5] #VEHICLE0000000000013,73.14512365842278,[#5] #VEHICLE0000000000014,54.73635090993933,[#5] #VEHICLE0000000000015,66.7055529631358,[#5] #VEHICLE0000000000016,48.57676154923005,[#5] #VEHICLE0000000000017,60.07932804479701,[#5] #VEHICLE0000000000018,66.21558562762483,[#5] #VEHICLE0000000000019,3.6397573495100324,[#5] #VEHICLE0000000000020,33.64442370508633,[#5] #VEHICLE0000000000021,52.519832011199256,[#5] #VEHICLE0000000000022,26.50489967335511,[#5] #VEHICLE0000000000023,21.325244983667755,[#5] #VEHICLE0000000000024,31.591227251516568,[#5] #VEHICLE0000000000025,29.188054129724684
[#6] #VEHICLE0000000000001,62.21428571428571,[#6] #VEHICLE0000000000002,74.61904761904762,[#6] #VEHICLE0000000000003,67.07142857142857,[#6] #VEHICLE0000000000004,69.85714285714286,[#6] #VEHICLE0000000000005,23.142857142857142,[#6] #VEHICLE0000000000006,59.42857142857143,[#6] #VEHICLE0000000000007,65.0,[#6] #VEHICLE0000000000008,62.04761904761905,[#6] #VEHICLE0000000000009,56.5952380952381,[#6] #VEHICLE0000000000010,77.92857142857143,[#6] #VEHICLE0000000000011,59.0,[#6] #VEHICLE0000000000012,66.9047619047619,[#6] #VEHICLE0000000000013,64.76190476190476,[#6] #VEHICLE0000000000014,67.26190476190477,[#6] #VEHICLE0000000000015,53.4047619047619,[#6] #VEHICLE0000000000016,25.214285714285715,[#6] #VEHICLE0000000000017,60.785714285714285,[#6] #VEHICLE0000000000018,54.95238095238095,[#6] #VEHICLE0000000000019,40.595238095238095,[#6] #VEHICLE0000000000020,35.80952380952381,[#6] #VEHICLE0000000000021,2.357142857142857,[#6] #VEHICLE0000000000022,16.61904761904762,[#6] #VEHICLE0000000000023,24.904761904761905,[#6] #VEHICLE0000000000024,35.26190476190476,[#6] #VEHICLE0000000000025,71.42857142857143
[#7] #VEHICLE0000000000001,51.48044089042576,[#7] #VEHICLE0000000000002,56.429652042360054,[#7] #VEHICLE0000000000003,58.871839204668255,[#7] #VEHICLE0000000000004,50.378214826021186,[#7] #VEHICLE0000000000005,56.49448886967797,[#7] #VEHICLE0000000000006,12.967365463583317,[#7] #VEHICLE0000000000007,61.76788415820186,[#7] #VEHICLE0000000000008,54.09552625891506,[#7] #VEHICLE0000000000009,48.4979468338016,[#7] #VEHICLE0000000000010,68.74864923276421,[#7] #VEHICLE0000000000011,55.759671493408256,[#7] #VEHICLE0000000000012,59.80116706289172,[#7] #VEHICLE0000000000013,67.38707585908796,[#7] #VEHICLE0000000000014,54.09552625891506,[#7] #VEHICLE0000000000015,60.708882645342555,[#7] #VEHICLE0000000000016,41.66846768964772,[#7] #VEHICLE0000000000017,37.25956343202939,[#7] #VEHICLE0000000000018,62.93494704992436,[#7] #VEHICLE0000000000019,31.22973849146315,[#7] #VEHICLE0000000000020,37.64858439593689,[#7] #VEHICLE0000000000021,1.9018802679922195,[#7] #VEHICLE0000000000022,35.746704127944675,[#7] #VEHICLE0000000000023,42.727469202507024,[#7] #VEHICLE0000000000024,33.30451696563648,[#7] #VEHICLE0000000000025,30.646207045601905
[#8] #VEHICLE0000000000001,25.342801175318314,[#8] #VEHICLE0000000000002,67.36043095004896,[#8] #VEHICLE0000000000003,72.52693437806073,[#8] #VEHICLE0000000000004,56.43976493633692,[#8] #VEHICLE0000000000005,64.69147894221352,[#8] #VEHICLE0000000000006,65.08325171400587,[#8] #VEHICLE0000000000007,61.70421155729677,[#8] #VEHICLE0000000000008,55.80313418217434,[#8] #VEHICLE0000000000009,57.737512242899115,[#8] #VEHICLE0000000000010,67.58080313418218,[#8] #VEHICLE0000000000011,35.96963761018609,[#8] #VEHICLE0000000000012,60.62683643486778,[#8] #VEHICLE0000000000013,73.70225269343781,[#8] #VEHICLE0000000000014,0.9549461312438785,[#8] #VEHICLE0000000000015,56.95396669931439,[#8] #VEHICLE0000000000016,41.038197845249755,[#8] #VEHICLE0000000000017,64.05484818805093,[#8] #VEHICLE0000000000018,48.13907933398629,[#8] #VEHICLE0000000000019,7.443682664054848,[#8] #VEHICLE0000000000020,54.79921645445641,[#8] #VEHICLE0000000000021,2.1547502448579823,[#8] #VEHICLE0000000000022,45.004897159647406,[#8] #VEHICLE0000000000023,55.48481880509305,[#8] #VEHICLE0000000000024,30.656219392752206,[#8] #VEHICLE0000000000025,24.70617042115573
[#9] #VEHICLE0000000000001,16.60296225513617,[#9] #VEHICLE0000000000002,51.17056856187291,[#9] #VEHICLE0000000000003,58.55231724796942,[#9] #VEHICLE0000000000004,56.020066889632105,[#9] #VEHICLE0000000000005,57.14285714285714,[#9] #VEHICLE0000000000006,63.975155279503106,[#9] #VEHICLE0000000000007,70.4968944099379,[#9] #VEHICLE0000000000008,62.947921643573814,[#9] #VEHICLE0000000000009,46.058289536550404,[#9] #VEHICLE0000000000010,65.43239369326326,[#9] #VEHICLE0000000000011,47.25274725274725,[#9] #VEHICLE0000000000012,71.61968466316291,[#9] #VEHICLE0000000000013,47.491638795986624,[#9] #VEHICLE0000000000014,46.32107023411371,[#9] #VEHICLE0000000000015,18.800764452938363,[#9] #VEHICLE0000000000016,51.45723841376015,[#9] #VEHICLE0000000000017,57.35785953177257,[#9] #VEHICLE0000000000018,39.94266602962255,[#9] #VEHICLE0000000000019,46.96607740086001,[#9] #VEHICLE0000000000020,52.58002866698519,[#9] #VEHICLE0000000000021,51.02723363592929,[#9] #VEHICLE0000000000022,35.929288103201145,[#9] #VEHICLE0000000000023,45.10272336359293,[#9] #VEHICLE0000000000024,30.028666985188725,[#9] #VEHICLE0000000000025,24.104156712852365
[#10] #VEHICLE0000000000001,61.89183073093461,[#10] #VEHICLE0000000000002,96.69608508712379,[#10] #VEHICLE0000000000003,72.18827789092555,[#10] #VEHICLE0000000000004,68.27336501470921,[#10] #VEHICLE0000000000005,60.737723466847704,[#10] #VEHICLE0000000000006,66.1235573659199,[#10] #VEHICLE0000000000007,28.105906313645622,[#10] #VEHICLE0000000000008,67.32292373840235,[#10] #VEHICLE0000000000009,41.27630685675492,[#10] #VEHICLE0000000000010,58.22584295089387,[#10] #VEHICLE0000000000011,20.23082145281738,[#10] #VEHICLE0000000000012,60.964019008825524,[#10] #VEHICLE0000000000013,64.51685901787735,[#10] #VEHICLE0000000000014,53.08893414799728,[#10] #VEHICLE0000000000015,58.79158180583842,[#10] #VEHICLE0000000000016,49.920796560307764,[#10] #VEHICLE0000000000017,46.82054763521158,[#10] #VEHICLE0000000000018,64.90156143923966,[#10] #VEHICLE0000000000019,25.299841593120615,[#10] #VEHICLE0000000000020,31.02511880515954,[#10] #VEHICLE0000000000021,1.9914007694048428,[#10] #VEHICLE0000000000022,60.782982575243274,[#10] #VEHICLE0000000000023,14.075582711020592,[#10] #VEHICLE0000000000024,40.665308893414796,[#10] #VEHICLE0000000000025,35.09843856076035
[#11] #VEHICLE0000000000001,52.38312428734322,[#11] #VEHICLE0000000000002,64.7206385404789,[#11] #VEHICLE0000000000003,31.402508551881414,[#11] #VEHICLE0000000000004,15.210946408209805,[#11] #VEHICLE0000000000005,62.64538198403648,[#11] #VEHICLE0000000000006,68.460661345496,[#11] #VEHICLE0000000000007,68.77993158494868,[#11] #VEHICLE0000000000008,25.929304446978335,[#11] #VEHICLE0000000000009,63.07867730900798,[#11] #VEHICLE0000000000010,49.9429874572406,[#11] #VEHICLE0000000000011,58.85974914481186,[#11] #VEHICLE0000000000012,53.568985176738884,[#11] #VEHICLE0000000000013,57.08095781071836,[#11] #VEHICLE0000000000014,72.56556442417332,[#11] #VEHICLE0000000000015,66.95553021664766,[#11] #VEHICLE0000000000016,46.202964652223486,[#11] #VEHICLE0000000000017,54.50399087799316,[#11] #VEHICLE0000000000018,49.076396807297606,[#11] #VEHICLE0000000000019,2.5541619156214366,[#11] #VEHICLE0000000000020,40.250855188141394,[#11] #VEHICLE0000000000021,48.118586088939566,[#11] #VEHICLE0000000000022,39.293044469783354,[#11] #VEHICLE0000000000023,49.12200684150513,[#11] #VEHICLE0000000000024,30.3078677309008,[#11] #VEHICLE0000000000025,24.19612314709236
[#12] #VEHICLE0000000000001,56.506196377502384,[#12] #VEHICLE0000000000002,55.38608198284079,[#12] #VEHICLE0000000000003,58.67492850333651,[#12] #VEHICLE0000000000004,47.18779790276454,[#12] #VEHICLE0000000000005,51.33460438512869,[#12] #VEHICLE0000000000006,52.907530981887504,[#12] #VEHICLE0000000000007,31.077216396568158,[#12] #VEHICLE0000000000008,61.70162059103909,[#12] #VEHICLE0000000000009,58.81792183031459,[#12] #VEHICLE0000000000010,67.06387035271688,[#12] #VEHICLE0000000000011,68.87511916110581,[#12] #VEHICLE0000000000012,66.11058150619638,[#12] #VEHICLE0000000000013,56.387035271687324,[#12] #VEHICLE0000000000014,0.9294566253574834,[#12] #VEHICLE0000000000015,55.24308865586273,[#12] #VEHICLE0000000000016,44.01811248808389,[#12] #VEHICLE0000000000017,38.79885605338417,[#12] #VEHICLE0000000000018,58.722592945662534,[#12] #VEHICLE0000000000019,45.87702573879886,[#12] #VEHICLE0000000000020,38.06005719733079,[#12] #VEHICLE0000000000021,46.139180171591995,[#12] #VEHICLE0000000000022,47.71210676835081,[#12] #VEHICLE0000000000023,51.62059103908484,[#12] #VEHICLE0000000000024,48.975214489990464,[#12] #VEHICLE0000000000025,31.45853193517636
[#13] #VEHICLE0000000000001,75.5402517216813,[#13] #VEHICLE0000000000002,58.34718594158157,[#13] #VEHICLE0000000000003,66.80123486107813,[#13] #VEHICLE0000000000004,66.56376157682261,[#13] #VEHICLE0000000000005,71.57444787461411,[#13] #VEHICLE0000000000006,47.209688909997624,[#13] #VEHICLE0000000000007,63.642840180479695,[#13] #VEHICLE0000000000008,61.38684398005224,[#13] #VEHICLE0000000000009,74.2104013298504,[#13] #VEHICLE0000000000010,66.5162669199715,[#13] #VEHICLE0000000000011,57.51602944668724,[#13] #VEHICLE0000000000012,40.03799572548088,[#13] #VEHICLE0000000000013,46.09356447399667,[#13] #VEHICLE0000000000014,19.092852054143908,[#13] #VEHICLE0000000000015,68.32106388031346,[#13] #VEHICLE0000000000016,54.618855378769894,[#13] #VEHICLE0000000000017,56.25742104013298,[#13] #VEHICLE0000000000018,66.65875089052481,[#13] #VEHICLE0000000000019,3.7045832343861314,[#13] #VEHICLE0000000000020,23.984801709807645,[#13] #VEHICLE0000000000021,2.3509855141296603,[#13] #VEHICLE0000000000022,43.552600332462596,[#13] #VEHICLE0000000000023,44.26502018522916,[#13] #VEHICLE0000000000024,30.230349085727852,[#13] #VEHICLE0000000000025,27.903110900023748
[#14] #VEHICLE0000000000001,22.153780798640614,[#14] #VEHICLE0000000000002,58.05012744265081,[#14] #VEHICLE0000000000003,17.141036533559898,[#14] #VEHICLE0000000000004,64.14613423959217,[#14] #VEHICLE0000000000005,54.311809685641464,[#14] #VEHICLE0000000000006,42.56584536958369,[#14] #VEHICLE0000000000007,46.15548003398471,[#14] #VEHICLE0000000000008,64.37977909940527,[#14] #VEHICLE0000000000009,53.73831775700935,[#14] #VEHICLE0000000000010,33.94222599830076,[#14] #VEHICLE0000000000011,63.36023789294817,[#14] #VEHICLE0000000000012,53.88700084961767,[#14] #VEHICLE0000000000013,56.77570093457944,[#14] #VEHICLE0000000000014,51.59303313508921,[#14] #VEHICLE0000000000015,34.81308411214953,[#14] #VEHICLE0000000000016,38.87000849617672,[#14] #VEHICLE0000000000017,55.543755310110456,[#14] #VEHICLE0000000000018,46.38912489379779,[#14] #VEHICLE0000000000019,34.79184367034834,[#14] #VEHICLE0000000000020,37.27697536108751,[#14] #VEHICLE0000000000021,23.152081563296516,[#14] #VEHICLE0000000000022,15.760407816482584,[#14] #VEHICLE0000000000023,60.53525913338997,[#14] #VEHICLE0000000000024,73.68309260832625,[#14] #VEHICLE0000000000025,32.62531860662702
[#15] #VEHICLE0000000000001,58.882381649585156,[#15] #VEHICLE0000000000002,63.49438750610054,[#15] #VEHICLE0000000000003,68.05758906783797,[#15] #VEHICLE0000000000004,12.664714494875549,[#15] #VEHICLE0000000000005,77.79404587603709,[#15] #VEHICLE0000000000006,70.03416300634456,[#15] #VEHICLE0000000000007,75.6466569058077,[#15] #VEHICLE0000000000008,65.03172279160566,[#15] #VEHICLE0000000000009,59.76085895558809,[#15] #VEHICLE0000000000010,69.22889214250854,[#15] #VEHICLE0000000000011,50.366032210834554,[#15] #VEHICLE0000000000012,66.12981942410933,[#15] #VEHICLE0000000000013,70.88823816495852,[#15] #VEHICLE0000000000014,49.02391410444119,[#15] #VEHICLE0000000000015,57.24743777452416,[#15] #VEHICLE0000000000016,54.80722303562714,[#15] #VEHICLE0000000000017,65.05612493899463,[#15] #VEHICLE0000000000018,53.97755002440214,[#15] #VEHICLE0000000000019,3.806734992679356,[#15] #VEHICLE0000000000020,20.644216691068813,[#15] #VEHICLE0000000000021,2.3670082967301123,[#15] #VEHICLE0000000000022,53.34309419228892,[#15] #VEHICLE0000000000023,27.037579306979016,[#15] #VEHICLE0000000000024,33.60175695461201,[#15] #VEHICLE0000000000025,35.89555880917521
[#16] #VEHICLE0000000000001,65.85311240483655,[#16] #VEHICLE0000000000002,54.41110613524407,[#16] #VEHICLE0000000000003,54.500671742051054,[#16] #VEHICLE0000000000004,63.94984326018809,[#16] #VEHICLE0000000000005,56.672637707120465,[#16] #VEHICLE0000000000006,52.53022839229736,[#16] #VEHICLE0000000000007,52.619793999104346,[#16] #VEHICLE0000000000008,56.53828929690998,[#16] #VEHICLE0000000000009,54.993282579489474,[#16] #VEHICLE0000000000010,58.82221227048813,[#16] #VEHICLE0000000000011,48.49977608598298,[#16] #VEHICLE0000000000012,63.41244961934617,[#16] #VEHICLE0000000000013,55.217196596506945,[#16] #VEHICLE0000000000014,48.566950291088226,[#16] #VEHICLE0000000000015,55.620241827138386,[#16] #VEHICLE0000000000016,66.05463502015226,[#16] #VEHICLE0000000000017,62.33766233766234,[#16] #VEHICLE0000000000018,59.91939095387371,[#16] #VEHICLE0000000000019,3.4930586654724585,[#16] #VEHICLE0000000000020,1.186744290192566,[#16] #VEHICLE0000000000021,0.9852216748768473,[#16] #VEHICLE0000000000022,39.40886699507389,[#16] #VEHICLE0000000000023,13.927451858486343,[#16] #VEHICLE0000000000024,30.832960143304973,[#16] #VEHICLE0000000000025,13.882669055082847
[#17] #VEHICLE0000000000001,26.984866123399303,[#17] #VEHICLE0000000000002,55.0407450523865,[#17] #VEHICLE0000000000003,57.71827706635623,[#17] #VEHICLE0000000000004,48.17229336437718,[#17] #VEHICLE0000000000005,50.47729918509896,[#17] #VEHICLE0000000000006,52.922002328288706,[#17] #VEHICLE0000000000007,29.103608847497092,[#17] #VEHICLE0000000000008,28.28870779976717,[#17] #VEHICLE0000000000009,66.9848661233993,[#17] #VEHICLE0000000000010,55.785797438882426,[#17] #VEHICLE0000000000011,54.80791618160652,[#17] #VEHICLE0000000000012,47.45052386495925,[#17] #VEHICLE0000000000013,55.9254947613504,[#17] #VEHICLE0000000000014,47.147846332945285,[#17] #VEHICLE0000000000015,59.69732246798603,[#17] #VEHICLE0000000000016,52.572759022118746,[#17] #VEHICLE0000000000017,27.147846332945285,[#17] #VEHICLE0000000000018,45.401629802095464,[#17] #VEHICLE0000000000019,25.052386495925493,[#17] #VEHICLE0000000000020,34.71478463329453,[#17] #VEHICLE0000000000021,51.036088474970896,[#17] #VEHICLE0000000000022,42.9802095459837,[#17] #VEHICLE0000000000023,52.06053550640279,[#17] #VEHICLE0000000000024,36.414435389988355,[#17] #VEHICLE0000000000025,33.247962747380676
[#18] #VEHICLE0000000000001,66.28249141736146,[#18] #VEHICLE0000000000002,75.52721922511036,[#18] #VEHICLE0000000000003,30.28445316331535,[#18] #VEHICLE0000000000004,25.183913683178027,[#18] #VEHICLE0000000000005,74.66895537027955,[#18] #VEHICLE0000000000006,59.2447278077489,[#18] #VEHICLE0000000000007,69.69102501226091,[#18] #VEHICLE0000000000008,51.07896027464444,[#18] #VEHICLE0000000000009,62.38352133398725,[#18] #VEHICLE0000000000010,57.57724374693477,[#18] #VEHICLE0000000000011,55.394801373222165,[#18] #VEHICLE0000000000012,23.589995095635118,[#18] #VEHICLE0000000000013,70.59833251593919,[#18] #VEHICLE0000000000014,50.0,[#18] #VEHICLE0000000000015,53.38401177047572,[#18] #VEHICLE0000000000016,61.35360470819029,[#18] #VEHICLE0000000000017,60.5689063266307,[#18] #VEHICLE0000000000018,69.39676311917606,[#18] #VEHICLE0000000000019,37.46934771947033,[#18] #VEHICLE0000000000020,40.97596861206474,[#18] #VEHICLE0000000000021,36.83178028445317,[#18] #VEHICLE0000000000022,33.84011770475723,[#18] #VEHICLE0000000000023,53.72731731240804,[#18] #VEHICLE0000000000024,36.46395291809711,[#18] #VEHICLE0000000000025,36.07160372731732
[#19] #VEHICLE0000000000001,64.0561224489796,[#19] #VEHICLE0000000000002,61.47959183673469,[#19] #VEHICLE0000000000003,72.27040816326532,[#19] #VEHICLE0000000000004,59.923469387755105,[#19] #VEHICLE0000000000005,62.93367346938775,[#19] #VEHICLE0000000000006,62.295918367346935,[#19] #VEHICLE0000000000007,40.35714285714286,[#19] #VEHICLE0000000000008,20.68877551020408,[#19] #VEHICLE0000000000009,66.37755102040816,[#19] #VEHICLE0000000000010,71.0969387755102,[#19] #VEHICLE0000000000011,52.755102040816325,[#19] #VEHICLE0000000000012,58.9030612244898,[#19] #VEHICLE0000000000013,68.57142857142857,[#19] #VEHICLE0000000000014,57.32142857142857,[#19] #VEHICLE0000000000015,47.32142857142857,[#19] #VEHICLE0000000000016,50.40816326530613,[#19] #VEHICLE0000000000017,57.44897959183673,[#19] #VEHICLE0000000000018,56.09693877551021,[#19] #VEHICLE0000000000019,26.86224489795918,[#19] #VEHICLE0000000000020,1.3520408163265307,[#19] #VEHICLE0000000000021,52.704081632653065,[#19] #VEHICLE0000000000022,46.785714285714285,[#19] #VEHICLE0000000000023,38.92857142857143,[#19] #VEHICLE0000000000024,27.933673469387756,[#19] #VEHICLE0000000000025,41.07142857142857
[#20] #VEHICLE0000000000001,55.566104913363404,[#20] #VEHICLE0000000000002,65.17920721576074,[#20] #VEHICLE0000000000003,41.751720863992404,[#20] #VEHICLE0000000000004,65.93876097792547,[#20] #VEHICLE0000000000005,52.907666745786855,[#20] #VEHICLE0000000000006,55.827201519107525,[#20] #VEHICLE0000000000007,56.30192262046047,[#20] #VEHICLE0000000000008,77.73558034654641,[#20] #VEHICLE0000000000009,70.78091621172561,[#20] #VEHICLE0000000000010,62.35461666271066,[#20] #VEHICLE0000000000011,55.210064087348684,[#20] #VEHICLE0000000000012,65.08426299549015,[#20] #VEHICLE0000000000013,49.41846665084263,[#20] #VEHICLE0000000000014,0.9257061476382624,[#20] #VEHICLE0000000000015,49.98813197246618,[#20] #VEHICLE0000000000016,61.096605744125334,[#20] #VEHICLE0000000000017,65.46403987657251,[#20] #VEHICLE0000000000018,67.2442440066461,[#20] #VEHICLE0000000000019,3.7028245905530497,[#20] #VEHICLE0000000000020,1.258010918585331,[#20] #VEHICLE0000000000021,55.54236885829575,[#20] #VEHICLE0000000000022,44.4813671967719,[#20] #VEHICLE0000000000023,45.81058628056017,[#20] #VEHICLE0000000000024,30.215998101115595,[#20] #VEHICLE0000000000025,32.16235461666271
[#21] #VEHICLE0000000000001,68.37551373566949,[#21] #VEHICLE0000000000002,88.34090417477827,[#21] #VEHICLE0000000000003,65.65001081548778,[#21] #VEHICLE0000000000004,63.27060350421804,[#21] #VEHICLE0000000000005,60.11248107289639,[#21] #VEHICLE0000000000006,61.77806619078521,[#21] #VEHICLE0000000000007,56.04585766818083,[#21] #VEHICLE0000000000008,67.2939649578196,[#21] #VEHICLE0000000000009,31.235128704304564,[#21] #VEHICLE0000000000010,54.68310620808998,[#21] #VEHICLE0000000000011,62.7298291152931,[#21] #VEHICLE0000000000012,54.358641574735024,[#21] #VEHICLE0000000000013,64.22236642872593,[#21] #VEHICLE0000000000014,58.14406229720961,[#21] #VEHICLE0000000000015,60.97772009517629,[#21] #VEHICLE0000000000016,58.92277741726152,[#21] #VEHICLE0000000000017,66.47198788665368,[#21] #VEHICLE0000000000018,56.478477179320784,[#21] #VEHICLE0000000000019,3.3744321868916285,[#21] #VEHICLE0000000000020,1.146441704520874,[#21] #VEHICLE0000000000021,27.64438676184296,[#21] #VEHICLE0000000000022,54.18559377027904,[#21] #VEHICLE0000000000023,13.454466796452518,[#21] #VEHICLE0000000000024,0.0,[#21] #VEHICLE0000000000025,22.150118970365565
[#22] #VEHICLE0000000000001,42.05150976909414,[#22] #VEHICLE0000000000002,46.53641207815276,[#22] #VEHICLE0000000000003,59.59147424511545,[#22] #VEHICLE0000000000004,61.101243339254,[#22] #VEHICLE0000000000005,26.776198934280636,[#22] #VEHICLE0000000000006,49.95559502664298,[#22] #VEHICLE0000000000007,66.1190053285968,[#22] #VEHICLE0000000000008,49.62255772646537,[#22] #VEHICLE0000000000009,56.216696269982236,[#22] #VEHICLE0000000000010,79.55150976909414,[#22] #VEHICLE0000000000011,15.142095914742452,[#22] #VEHICLE0000000000012,50.799289520426285,[#22] #VEHICLE0000000000013,70.42628774422735,[#22] #VEHICLE0000000000014,53.48579040852576,[#22] #VEHICLE0000000000015,54.240674955595026,[#22] #VEHICLE0000000000016,50.0,[#22] #VEHICLE0000000000017,42.98401420959148,[#22] #VEHICLE0000000000018,48.379218472468914,[#22] #VEHICLE0000000000019,30.373001776198933,[#22] #VEHICLE0000000000020,31.01687388987567,[#22] #VEHICLE0000000000021,42.140319715808175,[#22] #VEHICLE0000000000022,42.53996447602131,[#22] #VEHICLE0000000000023,47.824156305506214,[#22] #VEHICLE0000000000024,28.263765541740675,[#22] #VEHICLE0000000000025,30.77264653641208
[#23] #VEHICLE0000000000001,53.15230224321134,[#23] #VEHICLE0000000000002,48.0047225501771,[#23] #VEHICLE0000000000003,66.0448642266824,[#23] #VEHICLE0000000000004,57.874852420306965,[#23] #VEHICLE0000000000005,65.87957497048406,[#23] #VEHICLE0000000000006,59.031877213695395,[#23] #VEHICLE0000000000007,75.84415584415585,[#23] #VEHICLE0000000000008,71.71192443919716,[#23] #VEHICLE0000000000009,76.08028335301063,[#23] #VEHICLE0000000000010,26.729634002361273,[#23] #VEHICLE0000000000011,52.56198347107438,[#23] #VEHICLE0000000000012,73.88429752066116,[#23] #VEHICLE0000000000013,58.72491145218418,[#23] #VEHICLE0000000000014,21.558441558441558,[#23] #VEHICLE0000000000015,12.68004722550177,[#23] #VEHICLE0000000000016,53.577331759149935,[#23] #VEHICLE0000000000017,68.94923258559622,[#23] #VEHICLE0000000000018,57.9456906729634,[#23] #VEHICLE0000000000019,31.711924439197166,[#23] #VEHICLE0000000000020,1.2514757969303423,[#23] #VEHICLE0000000000021,49.539551357733174,[#23] #VEHICLE0000000000022,53.64817001180637,[#23] #VEHICLE0000000000023,43.06965761511216,[#23] #VEHICLE0000000000024,30.177095631641087,[#23] #VEHICLE0000000000025,32.5383707201889
[#24] #VEHICLE0000000000001,62.2455979876515,[#24] #VEHICLE0000000000002,53.1900297278756,[#24] #VEHICLE0000000000003,49.71415504230505,[#24] #VEHICLE0000000000004,65.83581065630003,[#24] #VEHICLE0000000000005,50.99474045277841,[#24] #VEHICLE0000000000006,50.44591813400412,[#24] #VEHICLE0000000000007,45.91813400411617,[#24] #VEHICLE0000000000008,59.455751200548825,[#24] #VEHICLE0000000000009,52.57260461925451,[#24] #VEHICLE0000000000010,28.1957466270295,[#24] #VEHICLE0000000000011,57.58060827806998,[#24] #VEHICLE0000000000012,58.06082780699748,[#24] #VEHICLE0000000000013,68.0539675280128,[#24] #VEHICLE0000000000014,54.72215870112051,[#24] #VEHICLE0000000000015,58.541047335924986,[#24] #VEHICLE0000000000016,51.680768351246286,[#24] #VEHICLE0000000000017,55.385319002972786,[#24] #VEHICLE0000000000018,59.27281042762406,[#24] #VEHICLE0000000000019,3.5673450720329294,[#24] #VEHICLE0000000000020,43.379830779785046,[#24] #VEHICLE0000000000021,44.683283786874,[#24] #VEHICLE0000000000022,13.720557969357419,[#24] #VEHICLE0000000000023,58.31237136976903,[#24] #VEHICLE0000000000024,35.28470157786416,[#24] #VEHICLE0000000000025,28.081408643951523
[#25] #VEHICLE0000000000001,53.61104264234656,[#25] #VEHICLE0000000000002,71.82647276312547,[#25] #VEHICLE0000000000003,65.19595760414099,[#25] #VEHICLE0000000000004,55.48434804042396,[#25] #VEHICLE0000000000005,62.58318954892778,[#25] #VEHICLE0000000000006,66.00936652699039,[#25] #VEHICLE0000000000007,68.15380823268426,[#25] #VEHICLE0000000000008,45.674143455755484,[#25] #VEHICLE0000000000009,24.27902390929258,[#25] #VEHICLE0000000000010,13.408922849396104,[#25] #VEHICLE0000000000011,27.113630761646533,[#25] #VEHICLE0000000000012,70.88982006408676,[#25] #VEHICLE0000000000013,78.97461178210501,[#25] #VEHICLE0000000000014,58.836578752772986,[#25] #VEHICLE0000000000015,47.35025881193,[#25] #VEHICLE0000000000016,50.38205570618683,[#25] #VEHICLE0000000000017,53.73428641853586,[#25] #VEHICLE0000000000018,60.80847917180182,[#25] #VEHICLE0000000000019,33.152575794922356,[#25] #VEHICLE0000000000020,41.13877249198916,[#25] #VEHICLE0000000000021,49.00172541286665,[#25] #VEHICLE0000000000022,51.17081587379837,[#25] #VEHICLE0000000000023,35.74069509489771,[#25] #VEHICLE0000000000024,34.08922849396105,[#25] #VEHICLE0000000000025,34.0645797387232
[#26] #VEHICLE0000000000001,62.06402293358815,[#26] #VEHICLE0000000000002,63.09125656951744,[#26] #VEHICLE0000000000003,66.14906832298136,[#26] #VEHICLE0000000000004,16.12517916865743,[#26] #VEHICLE0000000000005,59.84233158146202,[#26] #VEHICLE0000000000006,54.99283325370282,[#26] #VEHICLE0000000000007,54.228380315336835,[#26] #VEHICLE0000000000008,62.398471094123266,[#26] #VEHICLE0000000000009,52.508361204013376,[#26] #VEHICLE0000000000010,59.14954610606784,[#26] #VEHICLE0000000000011,48.35164835164835,[#26] #VEHICLE0000000000012,62.11180124223602,[#26] #VEHICLE0000000000013,74.48638318203535,[#26] #VEHICLE0000000000014,43.7888198757764,[#26] #VEHICLE0000000000015,50.668896321070235,[#26] #VEHICLE0000000000016,57.54897276636407,[#26] #VEHICLE0000000000017,63.831820353559486,[#26] #VEHICLE0000000000018,60.86956521739131,[#26] #VEHICLE0000000000019,3.7267080745341614,[#26] #VEHICLE0000000000020,1.2661251791686574,[#26] #VEHICLE0000000000021,47.491638795986624,[#26] #VEHICLE0000000000022,44.338270425226945,[#26] #VEHICLE0000000000023,53.03392259913999,[#26] #VEHICLE0000000000024,0.0,[#26] #VEHICLE0000000000025,28.619206880076447
[#27] #VEHICLE0000000000001,57.75490665390139,[#27] #VEHICLE0000000000002,73.9588319770225,[#27] #VEHICLE0000000000003,72.7860220201053,[#27] #VEHICLE0000000000004,69.10004786979415,[#27] #VEHICLE0000000000005,65.43800861656295,[#27] #VEHICLE0000000000006,57.03685974150311,[#27] #VEHICLE0000000000007,66.96984202967927,[#27] #VEHICLE0000000000008,60.57922450933461,[#27] #VEHICLE0000000000009,67.44853997127812,[#27] #VEHICLE0000000000010,59.11919578745811,[#27] #VEHICLE0000000000011,38.27190043082815,[#27] #VEHICLE0000000000012,61.871708951651506,[#27] #VEHICLE0000000000013,71.27812350406893,[#27] #VEHICLE0000000000014,24.150311153662038,[#27] #VEHICLE0000000000015,61.82383915749162,[#27] #VEHICLE0000000000016,58.089995213020586,[#27] #VEHICLE0000000000017,67.13738630923886,[#27] #VEHICLE0000000000018,56.821445667783635,[#27] #VEHICLE0000000000019,3.733843944471039,[#27] #VEHICLE0000000000020,50.69411201531834,[#27] #VEHICLE0000000000021,1.2446146481570128,[#27] #VEHICLE0000000000022,14.360938247965535,[#27] #VEHICLE0000000000023,53.0397319291527,[#27] #VEHICLE0000000000024,44.63858305409287,[#27] #VEHICLE0000000000025,29.99042604116802
[#28] #VEHICLE0000000000001,50.96700796359499,[#28] #VEHICLE0000000000002,52.03640500568828,[#28] #VEHICLE0000000000003,67.5995449374289,[#28] #VEHICLE0000000000004,59.63594994311718,[#28] #VEHICLE0000000000005,66.50739476678044,[#28] #VEHICLE0000000000006,61.70648464163823,[#28] #VEHICLE0000000000007,61.86575654152446,[#28] #VEHICLE0000000000008,76.0637087599545,[#28] #VEHICLE0000000000009,51.01251422070535,[#28] #VEHICLE0000000000010,12.468714448236632,[#28] #VEHICLE0000000000011,49.965870307167236,[#28] #VEHICLE0000000000012,54.243458475540386,[#28] #VEHICLE0000000000013,58.77133105802048,[#28] #VEHICLE0000000000014,40.06825938566553,[#28] #VEHICLE0000000000015,58.27076222980659,[#28] #VEHICLE0000000000016,48.96473265073948,[#28] #VEHICLE0000000000017,18.20250284414107,[#28] #VEHICLE0000000000018,61.2514220705347,[#28] #VEHICLE0000000000019,3.549488054607509,[#28] #VEHICLE0000000000020,37.20136518771331,[#28] #VEHICLE0000000000021,53.62912400455062,[#28] #VEHICLE0000000000022,60.659840728100114,[#28] #VEHICLE0000000000023,57.67918088737202,[#28] #VEHICLE0000000000024,33.44709897610921,[#28] #VEHICLE0000000000025,24.641638225255974
[#29] #VEHICLE0000000000001,64.89091831557585,[#29] #VEHICLE0000000000002,74.22628107559615,[#29] #VEHICLE0000000000003,54.81988838153222,[#29] #VEHICLE0000000000004,58.06697108066972,[#29] #VEHICLE0000000000005,37.23997970573313,[#29] #VEHICLE0000000000006,60.45154743784881,[#29] #VEHICLE0000000000007,68.92440385591071,[#29] #VEHICLE0000000000008,72.1714865550482,[#29] #VEHICLE0000000000009,64.43429731100963,[#29] #VEHICLE0000000000010,70.62404870624049,[#29] #VEHICLE0000000000011,48.756976154236426,[#29] #VEHICLE0000000000012,15.575849822425164,[#29] #VEHICLE0000000000013,69.22881785895486,[#29] #VEHICLE0000000000014,57.66108574327753,[#29] #VEHICLE0000000000015,54.89599188229325,[#29] #VEHICLE0000000000016,49.51801116184677,[#29] #VEHICLE0000000000017,46.57534246575342,[#29] #VEHICLE0000000000018,62.86149162861492,[#29] #VEHICLE0000000000019,3.95738203957382,[#29] #VEHICLE0000000000020,23.38914256722476,[#29] #VEHICLE0000000000021,48.95991882293252,[#29] #VEHICLE0000000000022,39.32014205986808,[#29] #VEHICLE0000000000023,46.16945712836124,[#29] #VEHICLE0000000000024,32.29325215626586,[#29] #VEHICLE0000000000025,34.982242516489094
[#30] #VEHICLE0000000000001,75.16908212560386,[#30] #VEHICLE0000000000002,96.03864734299516,[#30] #VEHICLE0000000000003,66.25603864734299,[#30] #VEHICLE0000000000004,12.632850241545892,[#30] #VEHICLE0000000000005,56.28019323671497,[#30] #VEHICLE0000000000006,55.893719806763286,[#30] #VEHICLE0000000000007,63.98550724637681,[#30] #VEHICLE0000000000008,15.38647342995169,[#30] #VEHICLE0000000000009,73.2367149758454,[#30] #VEHICLE0000000000010,56.376811594202906,[#30] #VEHICLE0000000000011,59.58937198067633,[#30] #VEHICLE0000000000012,55.386473429951685,[#30] #VEHICLE0000000000013,71.52173913043478,[#30] #VEHICLE0000000000014,63.6231884057971,[#30] #VEHICLE0000000000015,71.90821256038647,[#30] #VEHICLE0000000000016,24.444444444444443,[#30] #VEHICLE0000000000017,64.05797101449275,[#30] #VEHICLE0000000000018,66.81159420289855,[#30] #VEHICLE0000000000019,3.768115942028986,[#30] #VEHICLE0000000000020,36.135265700483096,[#30] #VEHICLE0000000000021,53.526570048309175,[#30] #VEHICLE0000000000022,55.966183574879224,[#30] #VEHICLE0000000000023,58.96135265700483,[#30] #VEHICLE0000000000024,0.0,[#30] #VEHICLE0000000000025,30.434782608695656
